comparison,metric,n,mean_baseline,mean_ssim_l20,mean_diff,t_stat,p_value
cv5_baseline vs cv5_ssim_l20,ssim,5,0.5690293147560537,0.6044892623713989,0.03545994761534521,-12.484815174345739,0.00023674042686636025
cv5_baseline vs cv5_ssim_l20,psnr,5,12.388466555592467,12.672796728754449,0.2843301731619814,-2.3194112989559006,0.08118910495861704
cv5_baseline vs cv5_ssim_l20,fid,5,391.443785916803,418.11884791351775,26.67506199671476,-2.290055272904247,0.08385197512140248
cv5_baseline vs cv5_ssim_l20,kid,5,0.3691677927970886,0.42993481159210206,0.06076701879501345,-2.7367065806108113,0.052081818638518226
cv5_baseline vs cv5_ssim_l20,seg_dice,5,0.045315065274239,0.050083344637610286,0.004768279363371285,-1.2474449110885764,0.2802811655455115
cv5_baseline vs cv5_ssim_l20,recon_dice,5,0.24698202663122956,0.25445120681966243,0.007469180188432872,-0.41215112785025826,0.7013593948313914
cv5_baseline vs cv5_ssim_l20,recon_hausdorff,5,216.80142475509214,218.97919071694074,2.1777659618485927,-0.6034729518553084,0.578743792130722
cv5_baseline vs cv5_ssim_l20,recon_chamfer,5,80.95689838163294,82.85015907127448,1.8932606896415365,-0.3691164835964191,0.7307494638561758
