Metric,Mean,Std,CI95_Low,CI95_High,Min,Max,N
ssim,0.5606006481465625,0.06608453281084811,0.5467616294625186,0.5744396668306064,0.39246554197660666,0.7163487512284559,91
psnr,12.08218867487683,1.5603272497590477,11.755434485292945,12.408942864460716,9.037761270045594,18.256594866838334,91
