Metric,Mean,Std,CI95_Low,CI95_High,Min,Max,N
ssim,0.5982734729008825,0.06782035994331084,0.5840709479151873,0.6124759978865777,0.4562837097532469,0.7488910994016611,91
psnr,12.120519735542553,1.2303528654425817,11.86286676337791,12.378172707707195,10.19118590619202,15.77109021213241,91
